matricula,nome,curso
2020799,GUILHERME SAMPAIO,ENGENHARIA DE SOFTWARE
2020374,GUSTAVO MENDONÇA,ANALISE E DESENVOLVIMENTO DE SISTEMAS
2020627,VINÍCIUS SOUSA,ANALISE E DESENVOLVIMENTO DE SISTEMAS
2020130,PAULO NOGUEIRA,SISTEMAS DE INFORMACAO
2020749,HENRIQUE GOMES,ANALISE E DESENVOLVIMENTO DE SISTEMAS
2020491,MIRELLA GONÇALVES,ENGENHARIA DE SOFTWARE
2020255,RYAN CARVALHO,CIENCIA DA COMPUTACAO
2020399,EVELYN MOURA,GAME DEVELOPMENT
2020706,DANIELA SIQUEIRA,ANALISE E DESENVOLVIMENTO DE SISTEMAS
2020870,VINÍCIUS DA MOTA,ENGENHARIA DE SOFTWARE
2021000,MATHIAS PIRES,CIENCIA DA COMPUTACAO
2020462,OLÍVIA RODRIGUES,CIENCIA DA COMPUTACAO
2020050,LUIGI MENDES,ANALISE E DESENVOLVIMENTO DE SISTEMAS
2020563,DANILO CAVALCANTI,GAME DEVELOPMENT
2020567,HENRIQUE SAMPAIO,SISTEMAS DE INFORMACAO
2020713,BIANCA MOREIRA,GAME DEVELOPMENT
2020777,DR. MATHEUS DA CONCEIÇÃO,GAME DEVELOPMENT
2020634,ALÍCIA MONTEIRO,SISTEMAS DE INFORMACAO
2020098,ANA LUIZA BARROS,ENGENHARIA DE SOFTWARE
2020922,CAROLINE DA CONCEIÇÃO,ENGENHARIA DE SOFTWARE
2020546,EDUARDO APARECIDA,CIENCIA DA COMPUTACAO
2020957,DANTE ALMEIDA,GAME DEVELOPMENT
2020962,SR. MATHEUS CIRINO,ANALISE E DESENVOLVIMENTO DE SISTEMAS
2020725,ELOAH COSTELA,ENGENHARIA DE SOFTWARE
2020587,MANUELA MENDONÇA,ENGENHARIA DE SOFTWARE
2020941,JOÃO PEDRO PASTOR,GAME DEVELOPMENT
2020632,BRAYAN CAMARGO,GAME DEVELOPMENT
2020726,MARIA LIZ MARQUES,SISTEMAS DE INFORMACAO
2020954,DRA. AMANDA FARIAS,ANALISE E DESENVOLVIMENTO DE SISTEMAS
2020752,ESTER GARCIA,CIENCIA DA COMPUTACAO
2020828,DRA. AYLLA MOURA,SISTEMAS DE INFORMACAO
2020913,RAVI LUCCA GARCIA,ANALISE E DESENVOLVIMENTO DE SISTEMAS
2020017,LUNNA BORGES,ENGENHARIA DE SOFTWARE
2020420,LIAM PASTOR,ENGENHARIA DE SOFTWARE
2020314,LUIZ HENRIQUE FREITAS,ENGENHARIA DE SOFTWARE
2020233,CALEB DAS NEVES,ENGENHARIA DE SOFTWARE
2020151,ANA VITÓRIA FREITAS,CIENCIA DA COMPUTACAO
2020064,JOÃO MIGUEL CARDOSO,CIENCIA DA COMPUTACAO
2020097,PEDRO FONSECA,ANALISE E DESENVOLVIMENTO DE SISTEMAS
2020488,SRA. ELISA PEREIRA,SISTEMAS DE INFORMACAO
2020475,LARA CALDEIRA,ENGENHARIA DE SOFTWARE
2020439,SARA PIMENTA,ANALISE E DESENVOLVIMENTO DE SISTEMAS
2020495,JOÃO GABRIEL PASTOR,ANALISE E DESENVOLVIMENTO DE SISTEMAS
2020040,GUSTAVO HENRIQUE NOVAES,SISTEMAS DE INFORMACAO
2020693,DR. ENZO GABRIEL CIRINO,ENGENHARIA DE SOFTWARE
2020514,DRA. SOFIA FOGAÇA,CIENCIA DA COMPUTACAO
2020545,HELOÍSA APARECIDA,GAME DEVELOPMENT
2020090,VITOR HUGO BRITO,CIENCIA DA COMPUTACAO
2020827,DRA. REBECA LOPES,ENGENHARIA DE SOFTWARE
2020750,VITOR DUARTE,CIENCIA DA COMPUTACAO
2020083,GIOVANNA NOVAES,CIENCIA DA COMPUTACAO
2020661,JOAQUIM MORAES,GAME DEVELOPMENT
2020052,DR. LUCCA VASCONCELOS,SISTEMAS DE INFORMACAO
2020732,JOSÉ CÂMARA,ANALISE E DESENVOLVIMENTO DE SISTEMAS
2020656,ALEXIA BORGES,CIENCIA DA COMPUTACAO
2020227,PEDRO LUCAS MOREIRA,CIENCIA DA COMPUTACAO
2020333,GUSTAVO HENRIQUE MELO,GAME DEVELOPMENT
2020061,MATTEO MENDES,CIENCIA DA COMPUTACAO
2020864,FELIPE SILVEIRA,SISTEMAS DE INFORMACAO
2020697,ANA SOPHIA FERREIRA,SISTEMAS DE INFORMACAO
2020463,YASMIN NASCIMENTO,CIENCIA DA COMPUTACAO
2020366,LIZ FERNANDES,SISTEMAS DE INFORMACAO
2020238,MIRELLA CASA GRANDE,CIENCIA DA COMPUTACAO
2020778,SARA FONSECA,CIENCIA DA COMPUTACAO
2020797,LUIZ FERNANDO PIRES,ENGENHARIA DE SOFTWARE
2020548,LUIGI ANDRADE,CIENCIA DA COMPUTACAO
2020110,DR. LEONARDO AZEVEDO,ANALISE E DESENVOLVIMENTO DE SISTEMAS
2020347,FRANCISCO GUERRA,CIENCIA DA COMPUTACAO
2020549,EMANUELLY RIBEIRO,ENGENHARIA DE SOFTWARE
2020998,MARIANA FONSECA,GAME DEVELOPMENT
2020683,PAULO COSTELA,SISTEMAS DE INFORMACAO
2020831,AYLA PEREIRA,ANALISE E DESENVOLVIMENTO DE SISTEMAS
2020890,GABRIEL LEÃO,ANALISE E DESENVOLVIMENTO DE SISTEMAS
2020814,ANA BEATRIZ DAS NEVES,SISTEMAS DE INFORMACAO
2020643,SOPHIE CAMPOS,CIENCIA DA COMPUTACAO
2020128,RAVI LUCCA CARVALHO,ANALISE E DESENVOLVIMENTO DE SISTEMAS
2020311,DRA. MARIANE SIQUEIRA,GAME DEVELOPMENT
2020907,MELINA ALMEIDA,SISTEMAS DE INFORMACAO
2020411,CLARA CÂMARA,CIENCIA DA COMPUTACAO
2020910,RAFAELA CAMARGO,ANALISE E DESENVOLVIMENTO DE SISTEMAS
2020349,CAROLINA PIRES,ANALISE E DESENVOLVIMENTO DE SISTEMAS
2020112,CALEBE GUERRA,GAME DEVELOPMENT
2020358,THEODORO CAMARGO,ANALISE E DESENVOLVIMENTO DE SISTEMAS
2020939,JUAN REZENDE,SISTEMAS DE INFORMACAO
2020134,BRAYAN GARCIA,ANALISE E DESENVOLVIMENTO DE SISTEMAS
2020711,YAGO NOVAES,GAME DEVELOPMENT
2020487,ANNA LIZ DA COSTA,ANALISE E DESENVOLVIMENTO DE SISTEMAS
2020654,AGATHA DA ROSA,ENGENHARIA DE SOFTWARE
2020216,CECILIA NOGUEIRA,GAME DEVELOPMENT
2020537,MARIAH DA LUZ,SISTEMAS DE INFORMACAO
2020049,DR. ISAAC PORTO,SISTEMAS DE INFORMACAO
2020161,ALLANA SALES,CIENCIA DA COMPUTACAO
2020574,VITOR GABRIEL DA ROSA,ANALISE E DESENVOLVIMENTO DE SISTEMAS
2020100,SRTA. MARIA EDUARDA DUARTE,SISTEMAS DE INFORMACAO
2020296,DR. VITOR GABRIEL SÁ,ANALISE E DESENVOLVIMENTO DE SISTEMAS
2020150,DRA. ISADORA GONÇALVES,SISTEMAS DE INFORMACAO
2020250,BENJAMIM CASA GRANDE,ANALISE E DESENVOLVIMENTO DE SISTEMAS
2020584,AMANDA PACHECO,GAME DEVELOPMENT
2020076,ALICE CAVALCANTI,ENGENHARIA DE SOFTWARE
2020313,BÁRBARA DA ROCHA,GAME DEVELOPMENT
2020580,JOÃO MIGUEL BARBOSA,CIENCIA DA COMPUTACAO
2020949,LÉO PIMENTA,CIENCIA DA COMPUTACAO
2020897,DOM RIBEIRO,ENGENHARIA DE SOFTWARE
2020030,CATARINA BRITO,ENGENHARIA DE SOFTWARE
2020101,MIGUEL FARIAS,GAME DEVELOPMENT
2020476,LUÍSA COSTA,SISTEMAS DE INFORMACAO
2020120,FERNANDO SAMPAIO,GAME DEVELOPMENT
2020135,SR. YAN MENDONÇA,GAME DEVELOPMENT
2020988,ANA CAROLINA RIOS,ENGENHARIA DE SOFTWARE
2020789,JOSÉ MIGUEL CASSIANO,GAME DEVELOPMENT
2020585,LIAM DA CONCEIÇÃO,GAME DEVELOPMENT
2020263,GIOVANNA JESUS,ANALISE E DESENVOLVIMENTO DE SISTEMAS
2020830,RENAN MARQUES,SISTEMAS DE INFORMACAO
2020308,VITOR HUGO CARVALHO,SISTEMAS DE INFORMACAO
2020505,JOÃO CIRINO,ANALISE E DESENVOLVIMENTO DE SISTEMAS
2020404,SRTA. ANA JÚLIA ABREU,ANALISE E DESENVOLVIMENTO DE SISTEMAS
2020220,DAVI NASCIMENTO,ENGENHARIA DE SOFTWARE
2020316,JOÃO GABRIEL PASTOR,CIENCIA DA COMPUTACAO
2020131,GUSTAVO HENRIQUE MENDES,ANALISE E DESENVOLVIMENTO DE SISTEMAS
2020006,SR. HENRY DA ROSA,GAME DEVELOPMENT
2020623,SRTA. EMANUELLA GOMES,ENGENHARIA DE SOFTWARE
2020773,LUÍSA PASTOR,GAME DEVELOPMENT
2020421,MARINA JESUS,ANALISE E DESENVOLVIMENTO DE SISTEMAS
2020688,CARLOS EDUARDO MENDONÇA,GAME DEVELOPMENT
2020967,ANTHONY DA COSTA,GAME DEVELOPMENT
2020793,DANILO NUNES,CIENCIA DA COMPUTACAO
2020875,BENÍCIO SAMPAIO,ENGENHARIA DE SOFTWARE
2020786,ZOE REZENDE,GAME DEVELOPMENT
2020701,MARIA FERNANDA PINTO,CIENCIA DA COMPUTACAO
2020394,JOÃO FELIPE MONTEIRO,SISTEMAS DE INFORMACAO
2020873,MARIA LUIZA CASTRO,ENGENHARIA DE SOFTWARE
2020118,ENZO RIBEIRO,CIENCIA DA COMPUTACAO
2020718,LUIZ HENRIQUE PINTO,SISTEMAS DE INFORMACAO
2020425,ELISA CAVALCANTI,ENGENHARIA DE SOFTWARE
2020944,ANTONELLA OLIVEIRA,ANALISE E DESENVOLVIMENTO DE SISTEMAS
2020653,ANA REZENDE,ANALISE E DESENVOLVIMENTO DE SISTEMAS
2020363,ANDRÉ COSTA,CIENCIA DA COMPUTACAO
2020728,JADE MENDONÇA,CIENCIA DA COMPUTACAO
2020734,ASAFE DA COSTA,GAME DEVELOPMENT
2020252,STELLA ARAÚJO,ENGENHARIA DE SOFTWARE
2020614,ARTHUR MIGUEL SANTOS,ANALISE E DESENVOLVIMENTO DE SISTEMAS
2020088,FERNANDO DA LUZ,GAME DEVELOPMENT
2020648,SRTA. HELLENA DA COSTA,ENGENHARIA DE SOFTWARE
2020310,PAULO BARROS,GAME DEVELOPMENT
2020943,LUÍSA DA COSTA,CIENCIA DA COMPUTACAO
2020468,KAIQUE AZEVEDO,SISTEMAS DE INFORMACAO
2020833,HELOÍSA VIANA,ANALISE E DESENVOLVIMENTO DE SISTEMAS
2020792,SOPHIE RAMOS,CIENCIA DA COMPUTACAO
2020861,MELINA ARAGÃO,SISTEMAS DE INFORMACAO
2020060,PEDRO LUCAS MENDONÇA,SISTEMAS DE INFORMACAO
2020740,NINA GARCIA,ANALISE E DESENVOLVIMENTO DE SISTEMAS
2020246,HELOÍSA CAVALCANTE,GAME DEVELOPMENT
2020446,ANA BEATRIZ VIANA,ANALISE E DESENVOLVIMENTO DE SISTEMAS
2020708,LARISSA FERREIRA,GAME DEVELOPMENT
2020226,BRUNA DA CUNHA,GAME DEVELOPMENT
2020621,YASMIN SIQUEIRA,ANALISE E DESENVOLVIMENTO DE SISTEMAS
2020572,MATTEO LOPES,ENGENHARIA DE SOFTWARE
2020883,DANILO PASTOR,ENGENHARIA DE SOFTWARE
2020473,JOÃO LUCAS LEÃO,ANALISE E DESENVOLVIMENTO DE SISTEMAS
2020196,VITOR DUARTE,CIENCIA DA COMPUTACAO
2020204,ENZO GABRIEL AZEVEDO,SISTEMAS DE INFORMACAO
2020424,LUIZ FELIPE GONÇALVES,ENGENHARIA DE SOFTWARE
2020849,LUIZ OTÁVIO FONSECA,ENGENHARIA DE SOFTWARE
2020496,OLIVIA GOMES,CIENCIA DA COMPUTACAO
2020672,GABRIELLY RIBEIRO,SISTEMAS DE INFORMACAO
2020645,ISABELA VASCONCELOS,ENGENHARIA DE SOFTWARE
2020607,SRA. ANA LIZ CASSIANO,SISTEMAS DE INFORMACAO
2020365,SRTA. ZOE CARDOSO,SISTEMAS DE INFORMACAO
2020936,MARIA HELENA SIQUEIRA,ANALISE E DESENVOLVIMENTO DE SISTEMAS
2020109,FELIPE MORAES,SISTEMAS DE INFORMACAO
2020008,ANTHONY GABRIEL MORAES,GAME DEVELOPMENT
2020739,SRTA. ANA JÚLIA DIAS,ENGENHARIA DE SOFTWARE
2020197,NINA AZEVEDO,CIENCIA DA COMPUTACAO
2020850,MARIAH FREITAS,ANALISE E DESENVOLVIMENTO DE SISTEMAS
2020001,ANA CLARA NOGUEIRA,SISTEMAS DE INFORMACAO
2020437,YAGO TEIXEIRA,CIENCIA DA COMPUTACAO
2020510,ANA JÚLIA FOGAÇA,SISTEMAS DE INFORMACAO
2020930,DRA. JÚLIA FARIAS,CIENCIA DA COMPUTACAO
2020686,NATÁLIA MARQUES,CIENCIA DA COMPUTACAO
2020839,MATHEUS FERREIRA,ANALISE E DESENVOLVIMENTO DE SISTEMAS
2020041,SARAH FERREIRA,SISTEMAS DE INFORMACAO
2020386,ERICK MACHADO,GAME DEVELOPMENT
2020665,OLÍVIA GONÇALVES,CIENCIA DA COMPUTACAO
2020564,ARTHUR GABRIEL MARTINS,CIENCIA DA COMPUTACAO
2020409,EDUARDA MONTENEGRO,SISTEMAS DE INFORMACAO
2020628,SR. LUAN RIBEIRO,ANALISE E DESENVOLVIMENTO DE SISTEMAS
2020464,MATHIAS LIMA,CIENCIA DA COMPUTACAO
2020589,BRYAN DA COSTA,CIENCIA DA COMPUTACAO
2020582,SRTA. ANA BEATRIZ BRITO,CIENCIA DA COMPUTACAO
2020710,MANUELLA ALMEIDA,SISTEMAS DE INFORMACAO
2020417,NATÁLIA VIANA,GAME DEVELOPMENT
2020457,JOSÉ PEDRO BARROS,CIENCIA DA COMPUTACAO
2020275,LIAM DA CONCEIÇÃO,GAME DEVELOPMENT
2020608,HADASSA PASTOR,ANALISE E DESENVOLVIMENTO DE SISTEMAS
2020971,JÚLIA OLIVEIRA,CIENCIA DA COMPUTACAO
2020818,DR. SAMUEL ARAÚJO,GAME DEVELOPMENT
2020712,CLARA DA LUZ,ENGENHARIA DE SOFTWARE
2020400,BIANCA PORTO,GAME DEVELOPMENT
2020208,THALES LOPES,CIENCIA DA COMPUTACAO
2020955,THIAGO CASSIANO,ENGENHARIA DE SOFTWARE
2020679,ISABELLY PORTO,CIENCIA DA COMPUTACAO
2020117,ANA BEATRIZ RIBEIRO,SISTEMAS DE INFORMACAO
2020947,MARCOS VINICIUS ROCHA,ENGENHARIA DE SOFTWARE
2020540,BELLA COSTELA,SISTEMAS DE INFORMACAO
2020892,RAQUEL CAVALCANTI,ANALISE E DESENVOLVIMENTO DE SISTEMAS
2020689,MARIANA DA COSTA,ENGENHARIA DE SOFTWARE
2020635,ESTER PIMENTA,ANALISE E DESENVOLVIMENTO DE SISTEMAS
2020687,DRA. VITÓRIA BARBOSA,ENGENHARIA DE SOFTWARE
2020201,SR. PEDRO COSTELA,ANALISE E DESENVOLVIMENTO DE SISTEMAS
2020979,LUIZ HENRIQUE NOVAES,SISTEMAS DE INFORMACAO
2020203,VALENTINA GUERRA,ANALISE E DESENVOLVIMENTO DE SISTEMAS
2020318,SRTA. HELLENA JESUS,CIENCIA DA COMPUTACAO
2020846,SRA. DANIELA MACHADO,CIENCIA DA COMPUTACAO
2020923,MARIA JÚLIA CIRINO,GAME DEVELOPMENT
2020474,LUNNA NOVAES,SISTEMAS DE INFORMACAO
2020746,EDUARDA CORREIA,GAME DEVELOPMENT
2020863,ARTHUR MIGUEL APARECIDA,ANALISE E DESENVOLVIMENTO DE SISTEMAS
2020774,HELOISA MONTENEGRO,GAME DEVELOPMENT
2020731,JOSÉ GOMES,ENGENHARIA DE SOFTWARE
2020961,SRA. CATARINA PEREIRA,SISTEMAS DE INFORMACAO
2020396,BENÍCIO MOURA,ANALISE E DESENVOLVIMENTO DE SISTEMAS
2020082,MARCELO NASCIMENTO,SISTEMAS DE INFORMACAO
2020705,VALENTINA MENDONÇA,SISTEMAS DE INFORMACAO
2020579,LUARA PIRES,SISTEMAS DE INFORMACAO
2020513,ZOE FERNANDES,CIENCIA DA COMPUTACAO
2020171,BELLA DAS NEVES,GAME DEVELOPMENT
2020053,DANILO APARECIDA,GAME DEVELOPMENT
2020479,LIZ SAMPAIO,CIENCIA DA COMPUTACAO
2020832,OLÍVIA MONTENEGRO,SISTEMAS DE INFORMACAO
2020884,YURI DA CONCEIÇÃO,ENGENHARIA DE SOFTWARE
2020485,LEVI BARBOSA,SISTEMAS DE INFORMACAO
2020639,AURORA SILVA,SISTEMAS DE INFORMACAO
2020856,LEANDRO NASCIMENTO,CIENCIA DA COMPUTACAO
2020153,OTTO DA ROCHA,ANALISE E DESENVOLVIMENTO DE SISTEMAS
2020389,SR. LORENZO FERREIRA,GAME DEVELOPMENT
2020057,SRA. HELLENA OLIVEIRA,SISTEMAS DE INFORMACAO
2020649,RAFAELA SAMPAIO,ENGENHARIA DE SOFTWARE
2020410,ESTER DA CUNHA,CIENCIA DA COMPUTACAO
2020454,CALEBE DA CRUZ,GAME DEVELOPMENT
2020391,IAN DA MATA,SISTEMAS DE INFORMACAO
2020435,GUSTAVO TEIXEIRA,ENGENHARIA DE SOFTWARE
2020637,ANTONY JESUS,SISTEMAS DE INFORMACAO
2020159,DAVI MIGUEL SOUZA,GAME DEVELOPMENT
2020037,HELOISA ARAGÃO,CIENCIA DA COMPUTACAO
2020402,JOÃO PEDRO FERNANDES,CIENCIA DA COMPUTACAO
2020145,KEVIN MENDONÇA,ANALISE E DESENVOLVIMENTO DE SISTEMAS
2020518,KEVIN CASA GRANDE,ENGENHARIA DE SOFTWARE
2020554,LUIGI OLIVEIRA,CIENCIA DA COMPUTACAO
2020597,VITOR HUGO DA MOTA,ENGENHARIA DE SOFTWARE
2020056,ALEXIA NOGUEIRA,ANALISE E DESENVOLVIMENTO DE SISTEMAS
2020229,ELOAH DUARTE,GAME DEVELOPMENT
2020376,LUNA CAVALCANTI,GAME DEVELOPMENT
2020212,ISAAC FERREIRA,ANALISE E DESENVOLVIMENTO DE SISTEMAS
2020438,ARTHUR DA MOTA,GAME DEVELOPMENT
2020599,CAMILA PEIXOTO,CIENCIA DA COMPUTACAO
2020973,EMILLY PIRES,GAME DEVELOPMENT
2020902,DRA. BRUNA FREITAS,ANALISE E DESENVOLVIMENTO DE SISTEMAS
2020928,KAMILLY BARROS,ANALISE E DESENVOLVIMENTO DE SISTEMAS
2020692,JOÃO VITOR ARAÚJO,SISTEMAS DE INFORMACAO
2020382,ZOE PEREIRA,CIENCIA DA COMPUTACAO
2020600,LIZ CARVALHO,SISTEMAS DE INFORMACAO
2020127,RAEL SÁ,ANALISE E DESENVOLVIMENTO DE SISTEMAS
2020969,DAVI CORREIA,ENGENHARIA DE SOFTWARE
2020163,MARIA LUIZA LOPES,ANALISE E DESENVOLVIMENTO DE SISTEMAS
2020080,JULIANA ALMEIDA,SISTEMAS DE INFORMACAO
2020914,LUNA VIEIRA,GAME DEVELOPMENT
2020642,PEDRO HENRIQUE VIANA,ENGENHARIA DE SOFTWARE
2020560,HELENA RAMOS,ANALISE E DESENVOLVIMENTO DE SISTEMAS
2020812,NICOLE SALES,GAME DEVELOPMENT
2020248,LIAM SALES,SISTEMAS DE INFORMACAO
2020500,BRAYAN DA ROSA,ENGENHARIA DE SOFTWARE
2020183,AGATHA CAVALCANTE,CIENCIA DA COMPUTACAO
2020868,OLIVIA OLIVEIRA,ENGENHARIA DE SOFTWARE
2020519,ANTONY PINTO,CIENCIA DA COMPUTACAO
2020059,ZOE MARTINS,CIENCIA DA COMPUTACAO
2020307,ANNA LIZ VASCONCELOS,GAME DEVELOPMENT
2020434,SRA. OLÍVIA DA CONCEIÇÃO,ENGENHARIA DE SOFTWARE
2020324,MARIA MOURA,ENGENHARIA DE SOFTWARE
2020871,DOM DA CRUZ,ANALISE E DESENVOLVIMENTO DE SISTEMAS
2020084,MARIA NOVAIS,ENGENHARIA DE SOFTWARE
2020380,ZOE CASA GRANDE,CIENCIA DA COMPUTACAO
2020387,SR. GUILHERME NOVAES,GAME DEVELOPMENT
2020397,ISADORA PEREIRA,ENGENHARIA DE SOFTWARE
2020577,DAVI LUCAS ALVES,ENGENHARIA DE SOFTWARE
2020992,FERNANDA BORGES,CIENCIA DA COMPUTACAO
2020177,JADE CUNHA,SISTEMAS DE INFORMACAO
2020441,FERNANDA VARGAS,CIENCIA DA COMPUTACAO
2020302,DIOGO SIQUEIRA,CIENCIA DA COMPUTACAO
2020450,MATHEUS DUARTE,ENGENHARIA DE SOFTWARE
2020562,SRTA. MARIA SOPHIA BARBOSA,SISTEMAS DE INFORMACAO
2020384,LUIZ FELIPE PORTO,CIENCIA DA COMPUTACAO
2020782,BIANCA PIMENTA,ANALISE E DESENVOLVIMENTO DE SISTEMAS
2020164,CALEB LIMA,ENGENHARIA DE SOFTWARE
2020247,ALICE DA CONCEIÇÃO,SISTEMAS DE INFORMACAO
2020624,OLIVER DA COSTA,ENGENHARIA DE SOFTWARE
2020395,SR. JOSÉ PEDRO ALVES,ENGENHARIA DE SOFTWARE
2020690,BELLA MENDES,GAME DEVELOPMENT
2020620,CALEB VIANA,GAME DEVELOPMENT
2020503,JOAQUIM MACEDO,GAME DEVELOPMENT
2020191,ISABELLY DIAS,ANALISE E DESENVOLVIMENTO DE SISTEMAS
2020392,FERNANDA DAS NEVES,GAME DEVELOPMENT
2020511,MARIA LAURA DIAS,ANALISE E DESENVOLVIMENTO DE SISTEMAS
2020156,JULIANA NOVAES,ENGENHARIA DE SOFTWARE
2020945,RAVY VIANA,SISTEMAS DE INFORMACAO
2020430,MIGUEL SOUSA,ENGENHARIA DE SOFTWARE
2020085,JOSUÉ MARQUES,GAME DEVELOPMENT
2020243,ISAAC BORGES,CIENCIA DA COMPUTACAO
2020235,MANUELA CORREIA,GAME DEVELOPMENT
2020603,LORENZO MACHADO,GAME DEVELOPMENT
2020911,HENRY DA LUZ,ANALISE E DESENVOLVIMENTO DE SISTEMAS
2020190,OTTO SILVA,ANALISE E DESENVOLVIMENTO DE SISTEMAS
2020141,VALENTIM NOVAES,ENGENHARIA DE SOFTWARE
2020013,DAVI MIGUEL VIEIRA,ENGENHARIA DE SOFTWARE
2020268,CALEBE ALBUQUERQUE,ANALISE E DESENVOLVIMENTO DE SISTEMAS
2020337,STELLA SOUZA,GAME DEVELOPMENT
2020460,RAQUEL MONTENEGRO,GAME DEVELOPMENT
2020845,MARCELA FONSECA,GAME DEVELOPMENT
2020807,DRA. MILENA DAS NEVES,GAME DEVELOPMENT
2020880,SRA. BÁRBARA SANTOS,ANALISE E DESENVOLVIMENTO DE SISTEMAS
2020095,OTÁVIO TEIXEIRA,CIENCIA DA COMPUTACAO
2020795,DRA. MARIA ISIS ALBUQUERQUE,GAME DEVELOPMENT
2020455,CALEB PIRES,ENGENHARIA DE SOFTWARE
2020879,LUCAS GABRIEL CALDEIRA,SISTEMAS DE INFORMACAO
2020007,LUANA SOUSA,ANALISE E DESENVOLVIMENTO DE SISTEMAS
2020138,APOLLO CARVALHO,SISTEMAS DE INFORMACAO
2020412,CAROLINA MENDES,ENGENHARIA DE SOFTWARE
2020841,SR. LUIZ FERNANDO GUERRA,CIENCIA DA COMPUTACAO
2020630,MARIA LUÍSA OLIVEIRA,GAME DEVELOPMENT
2020702,JOÃO GABRIEL RODRIGUES,GAME DEVELOPMENT
2020932,SRA. SABRINA DA ROSA,CIENCIA DA COMPUTACAO
2020556,LÍVIA DA CRUZ,ANALISE E DESENVOLVIMENTO DE SISTEMAS
2020182,MARIA VITÓRIA RAMOS,CIENCIA DA COMPUTACAO
2020536,OLIVIA DA ROSA,GAME DEVELOPMENT
2020606,BRENDA BARROS,SISTEMAS DE INFORMACAO
2020181,BENJAMIM MOREIRA,SISTEMAS DE INFORMACAO
2020423,CAMILA ABREU,ANALISE E DESENVOLVIMENTO DE SISTEMAS
2020989,SR. RAUL DA LUZ,CIENCIA DA COMPUTACAO
2020023,ESTHER CASSIANO,ANALISE E DESENVOLVIMENTO DE SISTEMAS
2020137,LEONARDO LIMA,ANALISE E DESENVOLVIMENTO DE SISTEMAS
2020440,PEDRO MIGUEL COSTA,CIENCIA DA COMPUTACAO
2020328,MARCOS VINICIUS DA ROSA,ENGENHARIA DE SOFTWARE
2020375,BRUNA PEIXOTO,SISTEMAS DE INFORMACAO
2020034,GABRIELA GARCIA,CIENCIA DA COMPUTACAO
2020529,BERNARDO FERREIRA,CIENCIA DA COMPUTACAO
2020512,SR. MATHEUS CARVALHO,SISTEMAS DE INFORMACAO
2020918,SRA. ANA LIZ SANTOS,ANALISE E DESENVOLVIMENTO DE SISTEMAS
2020927,MAITÊ MONTEIRO,CIENCIA DA COMPUTACAO
2020299,STELLA CAMARGO,GAME DEVELOPMENT
2020291,PEDRO CUNHA,SISTEMAS DE INFORMACAO
2020658,GIOVANNA DA PAZ,SISTEMAS DE INFORMACAO
2020566,MURILO ABREU,ENGENHARIA DE SOFTWARE
2020292,CAROLINA SAMPAIO,ANALISE E DESENVOLVIMENTO DE SISTEMAS
2020343,SR. FERNANDO SALES,CIENCIA DA COMPUTACAO
2020747,ESTER DA CRUZ,ENGENHARIA DE SOFTWARE
2020051,SRA. LARISSA ALMEIDA,GAME DEVELOPMENT
2020859,ISABELLY DA LUZ,CIENCIA DA COMPUTACAO
2020800,HELENA RIOS,ENGENHARIA DE SOFTWARE
2020428,VINÍCIUS MARTINS,ANALISE E DESENVOLVIMENTO DE SISTEMAS
2020613,JOÃO VITOR ABREU,ANALISE E DESENVOLVIMENTO DE SISTEMAS
2020804,DR. DAVI MIGUEL FOGAÇA,SISTEMAS DE INFORMACAO
2020816,SRA. MARINA NOVAIS,ANALISE E DESENVOLVIMENTO DE SISTEMAS
2020442,REBECA SOUZA,SISTEMAS DE INFORMACAO
2020968,MELINA PASTOR,SISTEMAS DE INFORMACAO
2020805,AMANDA BORGES,ENGENHARIA DE SOFTWARE
2020527,LUIGI CAMARGO,SISTEMAS DE INFORMACAO
2020273,DRA. MARIA LUÍSA FERNANDES,ANALISE E DESENVOLVIMENTO DE SISTEMAS
2020081,GAEL HENRIQUE RIOS,ANALISE E DESENVOLVIMENTO DE SISTEMAS
2020295,GABRIEL VARGAS,GAME DEVELOPMENT
2020760,GABRIEL NOGUEIRA,GAME DEVELOPMENT
2020180,DR. LUCCA MOURA,CIENCIA DA COMPUTACAO
2020848,MARIA LUIZA DAS NEVES,CIENCIA DA COMPUTACAO
2020026,DAVI LUIZ VASCONCELOS,ENGENHARIA DE SOFTWARE
2020274,SOPHIE MARQUES,ANALISE E DESENVOLVIMENTO DE SISTEMAS
2020113,SRTA. BEATRIZ SOUSA,ANALISE E DESENVOLVIMENTO DE SISTEMAS
2020819,ALANA MARTINS,ENGENHARIA DE SOFTWARE
2020232,HEITOR RAMOS,CIENCIA DA COMPUTACAO
2020167,ELOAH TEIXEIRA,SISTEMAS DE INFORMACAO
2020104,BÁRBARA GUERRA,CIENCIA DA COMPUTACAO
2020172,MARIANE CAMPOS,ANALISE E DESENVOLVIMENTO DE SISTEMAS
2020948,MARIA FERNANDA PEIXOTO,ENGENHARIA DE SOFTWARE
2020735,ANTHONY GABRIEL NOVAIS,ENGENHARIA DE SOFTWARE
2020526,ENZO GABRIEL GOMES,CIENCIA DA COMPUTACAO
2020765,BERNARDO MACHADO,ENGENHARIA DE SOFTWARE
2020063,LUÍSA MACHADO,ENGENHARIA DE SOFTWARE
2020309,SRTA. HELENA CALDEIRA,CIENCIA DA COMPUTACAO
2020136,DRA. LUIZA PORTO,ENGENHARIA DE SOFTWARE
2020422,LUIZ HENRIQUE REZENDE,SISTEMAS DE INFORMACAO
2020924,DR. MARCOS VINICIUS FONSECA,ANALISE E DESENVOLVIMENTO DE SISTEMAS
2020039,RENAN MELO,ENGENHARIA DE SOFTWARE
2020761,LUCAS GABRIEL RODRIGUES,GAME DEVELOPMENT
2020107,YURI FARIAS,ANALISE E DESENVOLVIMENTO DE SISTEMAS
2020636,PEDRO REZENDE,ANALISE E DESENVOLVIMENTO DE SISTEMAS
2020836,MARCELA ALVES,ENGENHARIA DE SOFTWARE
2020077,DR. APOLLO PEIXOTO,SISTEMAS DE INFORMACAO
2020370,THOMAS COSTELA,CIENCIA DA COMPUTACAO
2020751,LUÍSA MACHADO,CIENCIA DA COMPUTACAO
2020497,DAVI LUCAS NASCIMENTO,ANALISE E DESENVOLVIMENTO DE SISTEMAS
2020048,DR. ANTONY CÂMARA,CIENCIA DA COMPUTACAO
2020938,MARIA ISIS ROCHA,ENGENHARIA DE SOFTWARE
2020025,THEODORO LEÃO,GAME DEVELOPMENT
2020982,DR. FERNANDO SIQUEIRA,ANALISE E DESENVOLVIMENTO DE SISTEMAS
2020055,SR. LUIZ OTÁVIO CAMARGO,GAME DEVELOPMENT
2020140,JOAQUIM MACHADO,ANALISE E DESENVOLVIMENTO DE SISTEMAS
2020929,GUSTAVO HENRIQUE BARBOSA,ENGENHARIA DE SOFTWARE
2020335,ANA LUIZA GOMES,ANALISE E DESENVOLVIMENTO DE SISTEMAS
2020224,ARTHUR GABRIEL SÁ,GAME DEVELOPMENT
2020995,JÚLIA DA LUZ,ANALISE E DESENVOLVIMENTO DE SISTEMAS
2020236,REBECA COSTELA,ANALISE E DESENVOLVIMENTO DE SISTEMAS
2020079,BENÍCIO CUNHA,SISTEMAS DE INFORMACAO
2020950,ISAQUE MORAES,CIENCIA DA COMPUTACAO
2020388,DRA. LUANA NASCIMENTO,ENGENHARIA DE SOFTWARE
2020286,ENZO MOURA,SISTEMAS DE INFORMACAO
2020213,JOAQUIM SANTOS,SISTEMAS DE INFORMACAO
2020820,MAYSA LOPES,CIENCIA DA COMPUTACAO
2020539,SRA. VALENTINA SANTOS,ANALISE E DESENVOLVIMENTO DE SISTEMAS
2020974,MARIA EDUARDA DA CONCEIÇÃO,SISTEMAS DE INFORMACAO
2020535,CARLOS EDUARDO PIMENTA,GAME DEVELOPMENT
2020144,MARIAH SAMPAIO,ENGENHARIA DE SOFTWARE
2020544,ANA SOPHIA NOVAIS,ENGENHARIA DE SOFTWARE
2020249,VITOR HUGO SILVA,CIENCIA DA COMPUTACAO
2020657,ANA LÍVIA SOUSA,ANALISE E DESENVOLVIMENTO DE SISTEMAS
2020921,LEVI SANTOS,GAME DEVELOPMENT
2020453,ELOÁ VASCONCELOS,CIENCIA DA COMPUTACAO
2020915,LUCAS CARVALHO,ENGENHARIA DE SOFTWARE
2020223,MANUELLA CASSIANO,ANALISE E DESENVOLVIMENTO DE SISTEMAS
2020787,LARA SOUZA,CIENCIA DA COMPUTACAO
2020470,BERNARDO RIOS,GAME DEVELOPMENT
2020952,ARTHUR GABRIEL CAMARGO,ENGENHARIA DE SOFTWARE
2020617,MAYA MENDES,SISTEMAS DE INFORMACAO
2020209,DRA. NICOLE ALMEIDA,ENGENHARIA DE SOFTWARE
2020155,MILENA GOMES,SISTEMAS DE INFORMACAO
2020959,ANA MELO,SISTEMAS DE INFORMACAO
2020072,THEO FERREIRA,ENGENHARIA DE SOFTWARE
2020779,LAURA SILVA,ENGENHARIA DE SOFTWARE
2020616,KAIQUE LEÃO,ANALISE E DESENVOLVIMENTO DE SISTEMAS
2020823,BENICIO DA CUNHA,GAME DEVELOPMENT
2020489,OLIVIA ARAGÃO,GAME DEVELOPMENT
2020414,ISABELA PORTO,ENGENHARIA DE SOFTWARE
2020368,OTTO RODRIGUES,ANALISE E DESENVOLVIMENTO DE SISTEMAS
2020576,SRA. ANA SOPHIA AZEVEDO,ENGENHARIA DE SOFTWARE
2020626,MIRELLA RIBEIRO,SISTEMAS DE INFORMACAO
2020958,DANIELA CÂMARA,ENGENHARIA DE SOFTWARE
2020857,MATTEO GARCIA,SISTEMAS DE INFORMACAO
2020054,BELLA ALMEIDA,GAME DEVELOPMENT
2020593,SAMUEL ALVES,GAME DEVELOPMENT
2020044,SRTA. EMILLY DA CUNHA,ANALISE E DESENVOLVIMENTO DE SISTEMAS
2020677,ÍSIS PINTO,ANALISE E DESENVOLVIMENTO DE SISTEMAS
2020029,ALEXANDRE SOUSA,GAME DEVELOPMENT
2020775,SRTA. STEPHANY VIEIRA,ENGENHARIA DE SOFTWARE
2020666,RAUL MONTEIRO,SISTEMAS DE INFORMACAO
2020596,DAVI MIGUEL LIMA,ANALISE E DESENVOLVIMENTO DE SISTEMAS
2020147,LUIZ FELIPE GOMES,CIENCIA DA COMPUTACAO
2020469,YAN PIMENTA,ENGENHARIA DE SOFTWARE
2020986,LUIZ FELIPE GARCIA,SISTEMAS DE INFORMACAO
2020047,IAN SÁ,GAME DEVELOPMENT
2020205,MANUELA DA MATA,GAME DEVELOPMENT
2020429,BENICIO DA MOTA,ANALISE E DESENVOLVIMENTO DE SISTEMAS
2020578,ANA LIZ SALES,ENGENHARIA DE SOFTWARE
2020591,CAROLINE AZEVEDO,GAME DEVELOPMENT
2020768,JOÃO MIGUEL DA CRUZ,ENGENHARIA DE SOFTWARE
2020355,RAEL DA ROSA,GAME DEVELOPMENT
2020809,SR. RAVI LUCCA LEÃO,SISTEMAS DE INFORMACAO
2020199,OLIVER MENDES,ANALISE E DESENVOLVIMENTO DE SISTEMAS
2020035,SRTA. RAQUEL SILVEIRA,GAME DEVELOPMENT
2020445,JOÃO GABRIEL FONSECA,ANALISE E DESENVOLVIMENTO DE SISTEMAS
2020015,OTÁVIO MORAES,GAME DEVELOPMENT
2020353,ISABELLA ALMEIDA,CIENCIA DA COMPUTACAO
2020888,PEDRO HENRIQUE ALVES,GAME DEVELOPMENT
2020675,MARIA PORTO,GAME DEVELOPMENT
2020647,HELLENA PASTOR,SISTEMAS DE INFORMACAO
2020340,JOÃO PEDRO NOVAIS,ANALISE E DESENVOLVIMENTO DE SISTEMAS
2020575,PIETRO CAMARGO,ENGENHARIA DE SOFTWARE
2020270,SRA. JADE REZENDE,SISTEMAS DE INFORMACAO
2020796,JOÃO GABRIEL ABREU,CIENCIA DA COMPUTACAO
2020670,LUCCA DA CUNHA,ENGENHARIA DE SOFTWARE
2020758,MIRELLA NOVAIS,SISTEMAS DE INFORMACAO
2020586,VITÓRIA MACHADO,CIENCIA DA COMPUTACAO
2020552,SRA. MARIA CLARA MARTINS,CIENCIA DA COMPUTACAO
2020757,NICOLAS CAMPOS,ENGENHARIA DE SOFTWARE
2020200,SR. LÉO CASSIANO,CIENCIA DA COMPUTACAO
2020940,IAN SOUZA,SISTEMAS DE INFORMACAO
2020195,OLIVER JESUS,SISTEMAS DE INFORMACAO
2020447,STEPHANY CARDOSO,CIENCIA DA COMPUTACAO
2020901,ANA JÚLIA RAMOS,ENGENHARIA DE SOFTWARE
2020158,JUAN MENDES,ENGENHARIA DE SOFTWARE
2020045,BÁRBARA DA ROCHA,SISTEMAS DE INFORMACAO
2020336,AMANDA MORAES,GAME DEVELOPMENT
2020891,MURILO CASTRO,GAME DEVELOPMENT
2020568,ANA LIZ CASA GRANDE,CIENCIA DA COMPUTACAO
2020853,SR. MARCELO SAMPAIO,ENGENHARIA DE SOFTWARE
2020822,SR. ISAAC OLIVEIRA,SISTEMAS DE INFORMACAO
2020625,LUIZA DA PAZ,SISTEMAS DE INFORMACAO
2020531,DAVI LUCCA RODRIGUES,CIENCIA DA COMPUTACAO
2020219,ALANA FREITAS,GAME DEVELOPMENT
2020480,MARIANE DA CONCEIÇÃO,ENGENHARIA DE SOFTWARE
2020206,JOSÉ MACHADO,CIENCIA DA COMPUTACAO
2020372,LIAM PEREIRA,CIENCIA DA COMPUTACAO
2020293,DAVI LUCCA MONTENEGRO,GAME DEVELOPMENT
2020091,RAFAEL ARAÚJO,CIENCIA DA COMPUTACAO
2020981,ENZO SOUZA,SISTEMAS DE INFORMACAO
2020558,GABRIEL DA ROSA,CIENCIA DA COMPUTACAO
2020265,SR. DAVI LUIZ CAVALCANTE,SISTEMAS DE INFORMACAO
2020878,ENZO GABRIEL CÂMARA,GAME DEVELOPMENT
2020452,CARLOS EDUARDO CAMPOS,CIENCIA DA COMPUTACAO
2020532,SR. DANILO DA PAZ,ENGENHARIA DE SOFTWARE
2020449,ÍSIS DAS NEVES,GAME DEVELOPMENT
2020304,MILENA OLIVEIRA,SISTEMAS DE INFORMACAO
2020520,CAUÃ FREITAS,CIENCIA DA COMPUTACAO
2020680,BELLA PINTO,SISTEMAS DE INFORMACAO
2020345,MARIA EDUARDA CASSIANO,ANALISE E DESENVOLVIMENTO DE SISTEMAS
2020379,JOÃO GABRIEL RIOS,SISTEMAS DE INFORMACAO
2020881,IAN ANDRADE,GAME DEVELOPMENT
2020769,CATARINA COSTA,CIENCIA DA COMPUTACAO
2020594,SRTA. LUNNA DA MATA,SISTEMAS DE INFORMACAO
2020847,RENAN BORGES,ENGENHARIA DE SOFTWARE
2020646,DRA. CLARA ANDRADE,SISTEMAS DE INFORMACAO
2020808,MARIA CECÍLIA AZEVEDO,CIENCIA DA COMPUTACAO
2020069,SR. PEDRO ARAÚJO,ENGENHARIA DE SOFTWARE
2020682,LUNNA DA CRUZ,ENGENHARIA DE SOFTWARE
2020877,LUCCA NOVAES,SISTEMAS DE INFORMACAO
2020829,ZOE GONÇALVES,SISTEMAS DE INFORMACAO
2020115,ENZO JESUS,ANALISE E DESENVOLVIMENTO DE SISTEMAS
2020433,MARIA FERNANDA SAMPAIO,ENGENHARIA DE SOFTWARE
2020631,AURORA PINTO,ENGENHARIA DE SOFTWARE
2020972,LARISSA SILVA,ANALISE E DESENVOLVIMENTO DE SISTEMAS
2020032,DR. RAVI FREITAS,ANALISE E DESENVOLVIMENTO DE SISTEMAS
2020698,SARAH DAS NEVES,CIENCIA DA COMPUTACAO
2020277,VITOR GABRIEL SAMPAIO,SISTEMAS DE INFORMACAO
2020027,GABRIEL VASCONCELOS,SISTEMAS DE INFORMACAO
2020851,CECÍLIA PEIXOTO,ANALISE E DESENVOLVIMENTO DE SISTEMAS
2020609,DRA. MARIA ALICE GUERRA,SISTEMAS DE INFORMACAO
2020149,MELISSA SILVA,ANALISE E DESENVOLVIMENTO DE SISTEMAS
2020075,SOPHIE TEIXEIRA,ENGENHARIA DE SOFTWARE
2020900,LUANA JESUS,CIENCIA DA COMPUTACAO
2020326,MARIA FERNANDA VARGAS,ANALISE E DESENVOLVIMENTO DE SISTEMAS
2020103,ANA LÍVIA RAMOS,GAME DEVELOPMENT
2020766,MANUELA JESUS,ENGENHARIA DE SOFTWARE
2020937,ELOAH ALBUQUERQUE,ANALISE E DESENVOLVIMENTO DE SISTEMAS
2020521,LUNA PINTO,GAME DEVELOPMENT
2020003,MARIANE JESUS,ENGENHARIA DE SOFTWARE
2020361,MARIA FERNANDA BORGES,GAME DEVELOPMENT
2020524,SRTA. EDUARDA NOVAIS,ANALISE E DESENVOLVIMENTO DE SISTEMAS
2020638,DANIELA MORAES,CIENCIA DA COMPUTACAO
2020362,EMILLY AZEVEDO,ENGENHARIA DE SOFTWARE
2020350,EMANUELLY DA MATA,ENGENHARIA DE SOFTWARE
2020259,ARTHUR GABRIEL OLIVEIRA,SISTEMAS DE INFORMACAO
2020332,JULIANA FARIAS,CIENCIA DA COMPUTACAO
2020980,BELLA NUNES,CIENCIA DA COMPUTACAO
2020466,CAIO FREITAS,ANALISE E DESENVOLVIMENTO DE SISTEMAS
2020315,ENZO GABRIEL SOUZA,CIENCIA DA COMPUTACAO
2020185,SR. BENÍCIO CIRINO,ANALISE E DESENVOLVIMENTO DE SISTEMAS
2020251,BERNARDO ARAÚJO,ANALISE E DESENVOLVIMENTO DE SISTEMAS
2020465,BRENDA FERNANDES,SISTEMAS DE INFORMACAO
2020028,DANILO AZEVEDO,GAME DEVELOPMENT
2020719,THALES MONTENEGRO,CIENCIA DA COMPUTACAO
2020838,SR. MATHIAS PINTO,GAME DEVELOPMENT
2020099,DR. BENJAMIN NUNES,ANALISE E DESENVOLVIMENTO DE SISTEMAS
2020662,YAGO GARCIA,ANALISE E DESENVOLVIMENTO DE SISTEMAS
2020192,RAUL CIRINO,CIENCIA DA COMPUTACAO
2020776,DRA. NATÁLIA MARTINS,ANALISE E DESENVOLVIMENTO DE SISTEMAS
2020042,MAYA BRITO,GAME DEVELOPMENT
2020260,VITOR GABRIEL FONSECA,ANALISE E DESENVOLVIMENTO DE SISTEMAS
2020022,DANIELA CÂMARA,CIENCIA DA COMPUTACAO
2020709,GUSTAVO LOPES,CIENCIA DA COMPUTACAO
2020033,THOMAS PIRES,SISTEMAS DE INFORMACAO
2020010,ÁGATHA DA ROSA,CIENCIA DA COMPUTACAO
2020555,DR. MURILO PORTO,GAME DEVELOPMENT
2020538,DR. JOÃO GUILHERME CAMARGO,CIENCIA DA COMPUTACAO
2020016,AGATHA JESUS,SISTEMAS DE INFORMACAO
2020339,ENZO GABRIEL DA CUNHA,CIENCIA DA COMPUTACAO
2020280,ÁGATHA ARAGÃO,GAME DEVELOPMENT
2020298,DAVI LUIZ FARIAS,GAME DEVELOPMENT
2020781,ISABEL PEREIRA,ENGENHARIA DE SOFTWARE
2020618,SRA. LARISSA GUERRA,SISTEMAS DE INFORMACAO
2020272,EVELYN LEÃO,SISTEMAS DE INFORMACAO
2020021,DR. LUCAS GABRIEL SÁ,ENGENHARIA DE SOFTWARE
2020228,VICENTE DA LUZ,CIENCIA DA COMPUTACAO
2020067,BIANCA DA ROSA,SISTEMAS DE INFORMACAO
2020933,MARIA ISIS SILVEIRA,ANALISE E DESENVOLVIMENTO DE SISTEMAS
2020123,MATHIAS CÂMARA,SISTEMAS DE INFORMACAO
2020722,NATHAN CAVALCANTE,GAME DEVELOPMENT
2020146,ALICE CAVALCANTI,ENGENHARIA DE SOFTWARE
2020523,ANA JULIA BARROS,CIENCIA DA COMPUTACAO
2020956,DR. HENRY GABRIEL SIQUEIRA,SISTEMAS DE INFORMACAO
2020125,ANTONY DA COSTA,ENGENHARIA DE SOFTWARE
2020946,ANA CECÍLIA PEIXOTO,SISTEMAS DE INFORMACAO
2020331,DRA. ALEXIA PEREIRA,ENGENHARIA DE SOFTWARE
2020825,CALEBE JESUS,CIENCIA DA COMPUTACAO
2020070,LORENA PIRES,ENGENHARIA DE SOFTWARE
2020745,LUAN JESUS,ANALISE E DESENVOLVIMENTO DE SISTEMAS
2020975,ANA VITÓRIA LOPES,ANALISE E DESENVOLVIMENTO DE SISTEMAS
2020472,ISADORA DA ROCHA,ENGENHARIA DE SOFTWARE
2020860,PEDRO HENRIQUE COSTA,ANALISE E DESENVOLVIMENTO DE SISTEMAS
2020344,MARIA LIZ DA COSTA,ENGENHARIA DE SOFTWARE
2020756,DR. MARCOS VINICIUS ALMEIDA,CIENCIA DA COMPUTACAO
2020239,ELISA CASSIANO,ENGENHARIA DE SOFTWARE
2020202,SRTA. MARIA LAURA MENDONÇA,CIENCIA DA COMPUTACAO
2020999,ANTÔNIO SOUZA,CIENCIA DA COMPUTACAO
2020912,CAIO MARTINS,CIENCIA DA COMPUTACAO
2020334,BELLA VARGAS,SISTEMAS DE INFORMACAO
2020327,OLIVER BRITO,SISTEMAS DE INFORMACAO
2020976,PIETRO DA CONCEIÇÃO,CIENCIA DA COMPUTACAO
2020934,ALICE APARECIDA,GAME DEVELOPMENT
2020736,DANIELA OLIVEIRA,ANALISE E DESENVOLVIMENTO DE SISTEMAS
2020282,MURILO GARCIA,CIENCIA DA COMPUTACAO
2020794,SRA. SARA REZENDE,ANALISE E DESENVOLVIMENTO DE SISTEMAS
2020152,DRA. CLARA FARIAS,GAME DEVELOPMENT
2020105,DRA. OLIVIA MENDES,ENGENHARIA DE SOFTWARE
2020905,PIETRA PORTO,ENGENHARIA DE SOFTWARE
2020478,LEONARDO CAMARGO,ENGENHARIA DE SOFTWARE
2020444,DRA. LUANA DA MATA,CIENCIA DA COMPUTACAO
2020993,MARIAH PEIXOTO,ANALISE E DESENVOLVIMENTO DE SISTEMAS
2020852,SRTA. ISABEL BARROS,ENGENHARIA DE SOFTWARE
2020143,JULIANA DA PAZ,SISTEMAS DE INFORMACAO
2020798,BÁRBARA CASA GRANDE,SISTEMAS DE INFORMACAO
2020517,MARCELO SALES,CIENCIA DA COMPUTACAO
2020267,MANUELLA GOMES,SISTEMAS DE INFORMACAO
2020963,DRA. LAURA DA MATA,ENGENHARIA DE SOFTWARE
2020322,YAN GUERRA,ANALISE E DESENVOLVIMENTO DE SISTEMAS
2020987,SRA. MARIANE RODRIGUES,GAME DEVELOPMENT
2020240,GABRIELLY FERNANDES,CIENCIA DA COMPUTACAO
2020486,LUIZ OTÁVIO MENDONÇA,ANALISE E DESENVOLVIMENTO DE SISTEMAS
2020189,DAVI LUCAS DIAS,ANALISE E DESENVOLVIMENTO DE SISTEMAS
2020390,FERNANDA SANTOS,CIENCIA DA COMPUTACAO
2020356,MARIA JULIA ALBUQUERQUE,ANALISE E DESENVOLVIMENTO DE SISTEMAS
2020887,ALÍCIA MOURA,ANALISE E DESENVOLVIMENTO DE SISTEMAS
2020516,KAIQUE MONTEIRO,GAME DEVELOPMENT
2020994,LUIZ OTÁVIO DA CONCEIÇÃO,GAME DEVELOPMENT
2020908,ANA JÚLIA GOMES,CIENCIA DA COMPUTACAO
2020221,KAMILLY PEIXOTO,SISTEMAS DE INFORMACAO
2020058,JOÃO GABRIEL FOGAÇA,ANALISE E DESENVOLVIMENTO DE SISTEMAS
2020581,ANA VITÓRIA DA CUNHA,GAME DEVELOPMENT
2020583,SRTA. MARIA FLOR NOGUEIRA,ANALISE E DESENVOLVIMENTO DE SISTEMAS
2020826,AGATHA PASTOR,ENGENHARIA DE SOFTWARE
2020528,LUCAS GABRIEL NUNES,SISTEMAS DE INFORMACAO
2020225,MELINA FERNANDES,ANALISE E DESENVOLVIMENTO DE SISTEMAS
2020920,CLARA MORAES,CIENCIA DA COMPUTACAO
2020573,NATHAN CAVALCANTI,CIENCIA DA COMPUTACAO
2020258,CAROLINE SOUSA,SISTEMAS DE INFORMACAO
2020703,LUARA ALVES,ENGENHARIA DE SOFTWARE
2020116,SOPHIA SILVA,ANALISE E DESENVOLVIMENTO DE SISTEMAS
2020352,BENICIO DIAS,GAME DEVELOPMENT
2020264,ASAFE FONSECA,CIENCIA DA COMPUTACAO
2020723,OLIVIA RODRIGUES,ANALISE E DESENVOLVIMENTO DE SISTEMAS
2020066,CAROLINE MACEDO,GAME DEVELOPMENT
2020005,DR. MURILO COSTA,SISTEMAS DE INFORMACAO
2020965,ANA BEATRIZ APARECIDA,CIENCIA DA COMPUTACAO
2020834,JOSÉ CAMPOS,ENGENHARIA DE SOFTWARE
2020014,LETÍCIA CIRINO,SISTEMAS DE INFORMACAO
2020012,GUSTAVO CAVALCANTE,SISTEMAS DE INFORMACAO
2020676,RAFAELA SOUSA,ENGENHARIA DE SOFTWARE
2020671,DANIEL RODRIGUES,ENGENHARIA DE SOFTWARE
2020565,DR. CAIO PORTO,ANALISE E DESENVOLVIMENTO DE SISTEMAS
2020176,LIZ ALVES,ENGENHARIA DE SOFTWARE
2020619,SRTA. ÍSIS MENDES,GAME DEVELOPMENT
2020111,LAURA SILVEIRA,GAME DEVELOPMENT
2020691,DR. ISAQUE OLIVEIRA,GAME DEVELOPMENT
2020858,HELOÍSA GONÇALVES,ENGENHARIA DE SOFTWARE
2020906,HENRY VIANA,ANALISE E DESENVOLVIMENTO DE SISTEMAS
2020771,CALEB RODRIGUES,CIENCIA DA COMPUTACAO
2020650,SARA DA MOTA,ENGENHARIA DE SOFTWARE
2020867,HEITOR ALVES,ENGENHARIA DE SOFTWARE
2020418,MARCELO SAMPAIO,GAME DEVELOPMENT
2020633,MARIANE NASCIMENTO,ENGENHARIA DE SOFTWARE
2020561,OLIVER BARROS,CIENCIA DA COMPUTACAO
2020767,JOÃO VITOR FONSECA,ANALISE E DESENVOLVIMENTO DE SISTEMAS
2020894,JOÃO LUCAS CASA GRANDE,SISTEMAS DE INFORMACAO
2020377,EMANUELLY BRITO,ENGENHARIA DE SOFTWARE
2020266,NICOLAS CUNHA,ENGENHARIA DE SOFTWARE
2020525,MARCELA MENDONÇA,ANALISE E DESENVOLVIMENTO DE SISTEMAS
2020179,ZOE VIEIRA,ENGENHARIA DE SOFTWARE
2020297,CAROLINE MOURA,GAME DEVELOPMENT
2020498,VALENTIM CASA GRANDE,GAME DEVELOPMENT
2020129,BENÍCIO NASCIMENTO,SISTEMAS DE INFORMACAO
2020451,LUIZ FERNANDO MENDONÇA,ENGENHARIA DE SOFTWARE
2020093,GABRIELLY PIRES,ENGENHARIA DE SOFTWARE
2020754,SOPHIA ARAÚJO,SISTEMAS DE INFORMACAO
2020791,CALEBE PORTO,CIENCIA DA COMPUTACAO
2020289,AYLA AZEVEDO,GAME DEVELOPMENT
2020784,THEODORO ABREU,CIENCIA DA COMPUTACAO
2020502,LUIZ FERNANDO PEREIRA,CIENCIA DA COMPUTACAO
2020772,DR. SAMUEL PACHECO,CIENCIA DA COMPUTACAO
2020317,VALENTINA CÂMARA,ANALISE E DESENVOLVIMENTO DE SISTEMAS
2020231,HELENA DA PAZ,CIENCIA DA COMPUTACAO
2020288,HENRY MONTEIRO,GAME DEVELOPMENT
2020699,ESTHER DA MOTA,CIENCIA DA COMPUTACAO
2020903,ANA LUIZA GONÇALVES,GAME DEVELOPMENT
2020909,ANA BEATRIZ CAVALCANTI,ENGENHARIA DE SOFTWARE
2020509,NOAH MARQUES,CIENCIA DA COMPUTACAO
2020997,DRA. ANA CLARA PINTO,CIENCIA DA COMPUTACAO
2020730,HENRY FARIAS,CIENCIA DA COMPUTACAO
2020622,SRA. SABRINA BARROS,ANALISE E DESENVOLVIMENTO DE SISTEMAS
2020279,SR. LUAN DA MOTA,ANALISE E DESENVOLVIMENTO DE SISTEMAS
2020443,BENJAMIN MENDES,SISTEMAS DE INFORMACAO
2020543,ASAFE FREITAS,GAME DEVELOPMENT
2020306,HELOÍSA DA LUZ,CIENCIA DA COMPUTACAO
2020753,SRTA. ANA LAURA DA ROSA,SISTEMAS DE INFORMACAO
2020086,JOÃO VITOR NOVAES,ANALISE E DESENVOLVIMENTO DE SISTEMAS
2020612,MARIA LUIZA PASTOR,ANALISE E DESENVOLVIMENTO DE SISTEMAS
2020276,EDUARDO MACHADO,GAME DEVELOPMENT
2020570,ISIS ARAÚJO,ENGENHARIA DE SOFTWARE
2020303,LUIZ FERNANDO MONTENEGRO,ENGENHARIA DE SOFTWARE
2020811,PAULO MONTENEGRO,ENGENHARIA DE SOFTWARE
2020241,ANA LÍVIA CASSIANO,CIENCIA DA COMPUTACAO
2020695,MARIA ISIS COSTELA,SISTEMAS DE INFORMACAO
2020595,MARIANA SILVA,ENGENHARIA DE SOFTWARE
2020716,JOÃO GUILHERME MARQUES,ANALISE E DESENVOLVIMENTO DE SISTEMAS
2020869,SRA. MARIA FLOR MOREIRA,CIENCIA DA COMPUTACAO
2020801,DR. PEDRO HENRIQUE COSTA,ANALISE E DESENVOLVIMENTO DE SISTEMAS
2020840,LIAM CASSIANO,SISTEMAS DE INFORMACAO
2020547,RODRIGO SILVEIRA,ENGENHARIA DE SOFTWARE
2020132,ANNA LIZ CUNHA,GAME DEVELOPMENT
2020194,FERNANDA CORREIA,ENGENHARIA DE SOFTWARE
2020187,LUIZ HENRIQUE DAS NEVES,CIENCIA DA COMPUTACAO
2020148,HELOÍSA NOVAIS,ANALISE E DESENVOLVIMENTO DE SISTEMAS
2020416,GUSTAVO HENRIQUE PEIXOTO,ENGENHARIA DE SOFTWARE
2020707,PAULO BRITO,GAME DEVELOPMENT
2020515,ANA VITÓRIA MENDONÇA,SISTEMAS DE INFORMACAO
2020467,LUIZ GUSTAVO VASCONCELOS,GAME DEVELOPMENT
2020287,MARIA JÚLIA CALDEIRA,CIENCIA DA COMPUTACAO
2020541,GUILHERME JESUS,CIENCIA DA COMPUTACAO
2020284,JOÃO PEDRO FERREIRA,ANALISE E DESENVOLVIMENTO DE SISTEMAS
2020321,JUAN COSTA,CIENCIA DA COMPUTACAO
2020217,STELLA COSTA,ANALISE E DESENVOLVIMENTO DE SISTEMAS
2020590,ALÍCIA MONTENEGRO,CIENCIA DA COMPUTACAO
2020383,FRANCISCO PORTO,GAME DEVELOPMENT
2020456,SOPHIA RAMOS,SISTEMAS DE INFORMACAO
2020571,SARA ALBUQUERQUE,ENGENHARIA DE SOFTWARE
2020942,MARIA LIZ DAS NEVES,CIENCIA DA COMPUTACAO
2020373,ANA LIZ ARAGÃO,ANALISE E DESENVOLVIMENTO DE SISTEMAS
2020024,ISABEL MACHADO,SISTEMAS DE INFORMACAO
2020432,SR. ANTONY SOUSA,ANALISE E DESENVOLVIMENTO DE SISTEMAS
2020215,THOMAS CAVALCANTE,ENGENHARIA DE SOFTWARE
2020186,LUNNA ROCHA,CIENCIA DA COMPUTACAO
2020351,FRANCISCO MOREIRA,SISTEMAS DE INFORMACAO
2020678,RAQUEL AZEVEDO,ENGENHARIA DE SOFTWARE
2020855,NOAH MENDES,ENGENHARIA DE SOFTWARE
2020837,JÚLIA DA PAZ,ENGENHARIA DE SOFTWARE
2020592,ERICK MOREIRA,GAME DEVELOPMENT
2020398,MARIA BRITO,GAME DEVELOPMENT
2020269,SR. JOAQUIM ALVES,ANALISE E DESENVOLVIMENTO DE SISTEMAS
2020953,ALICE DA PAZ,GAME DEVELOPMENT
2020043,GAEL COSTELA,ENGENHARIA DE SOFTWARE
2020951,GABRIELLY JESUS,SISTEMAS DE INFORMACAO
2020673,LUARA MACHADO,GAME DEVELOPMENT
2020071,ANA CECÍLIA NUNES,CIENCIA DA COMPUTACAO
2020806,SARAH PIMENTA,CIENCIA DA COMPUTACAO
2020508,LUIZ FERNANDO GUERRA,GAME DEVELOPMENT
2020188,GABRIELLY CAMPOS,ANALISE E DESENVOLVIMENTO DE SISTEMAS
2020788,ISABELLY MACEDO,CIENCIA DA COMPUTACAO
2020785,DRA. ELISA REZENDE,ENGENHARIA DE SOFTWARE
2020436,CALEB ALVES,GAME DEVELOPMENT
2020494,GUSTAVO FERREIRA,CIENCIA DA COMPUTACAO
2020668,MARIA JÚLIA RAMOS,GAME DEVELOPMENT
2020522,ÁGATHA CIRINO,SISTEMAS DE INFORMACAO
2020996,DR. ARTHUR MIGUEL SANTOS,CIENCIA DA COMPUTACAO
2020126,BÁRBARA ALMEIDA,CIENCIA DA COMPUTACAO
2020493,MELISSA PINTO,CIENCIA DA COMPUTACAO
2020408,THEODORO SALES,CIENCIA DA COMPUTACAO
2020283,STELLA CORREIA,GAME DEVELOPMENT
2020175,LUIZ FELIPE PACHECO,SISTEMAS DE INFORMACAO
2020780,HEITOR PEREIRA,SISTEMAS DE INFORMACAO
2020715,MARIA FLOR VIEIRA,ENGENHARIA DE SOFTWARE
2020970,PIETRA APARECIDA,SISTEMAS DE INFORMACAO
2020917,RAFAELA MACHADO,SISTEMAS DE INFORMACAO
2020499,MARIA CECÍLIA VIANA,ANALISE E DESENVOLVIMENTO DE SISTEMAS
2020985,ISABELLA NOVAES,ANALISE E DESENVOLVIMENTO DE SISTEMAS
2020770,DAVI LUCAS COSTELA,ENGENHARIA DE SOFTWARE
2020652,BENJAMIN SANTOS,ENGENHARIA DE SOFTWARE
2020078,JOÃO FELIPE DIAS,CIENCIA DA COMPUTACAO
2020895,MARCOS VINICIUS VARGAS,GAME DEVELOPMENT
2020393,HEITOR VARGAS,SISTEMAS DE INFORMACAO
2020506,ANTÔNIO SOUZA,SISTEMAS DE INFORMACAO
2020253,FERNANDO REZENDE,ENGENHARIA DE SOFTWARE
2020919,THOMAS PACHECO,SISTEMAS DE INFORMACAO
2020102,MARCOS VINICIUS TEIXEIRA,ENGENHARIA DE SOFTWARE
2020348,YURI FERNANDES,SISTEMAS DE INFORMACAO
2020073,BÁRBARA ALMEIDA,ANALISE E DESENVOLVIMENTO DE SISTEMAS
2020991,DR. ENZO DUARTE,ANALISE E DESENVOLVIMENTO DE SISTEMAS
2020271,STEPHANY REZENDE,GAME DEVELOPMENT
2020245,SR. VALENTIM ALBUQUERQUE,CIENCIA DA COMPUTACAO
2020471,NICOLAS AZEVEDO,ANALISE E DESENVOLVIMENTO DE SISTEMAS
2020727,NICOLE CARDOSO,SISTEMAS DE INFORMACAO
2020885,JOÃO LUCAS SOUZA,ENGENHARIA DE SOFTWARE
2020743,DIOGO DA ROCHA,ENGENHARIA DE SOFTWARE
2020865,LAURA SOUZA,CIENCIA DA COMPUTACAO
2020108,JÚLIA MOREIRA,SISTEMAS DE INFORMACAO
2020419,MANUELLA DUARTE,GAME DEVELOPMENT
2020738,BEATRIZ CÂMARA,ANALISE E DESENVOLVIMENTO DE SISTEMAS
2020019,LARISSA PINTO,ANALISE E DESENVOLVIMENTO DE SISTEMAS
2020281,NICOLAS SIQUEIRA,GAME DEVELOPMENT
2020381,SRA. ELOÁ FREITAS,CIENCIA DA COMPUTACAO
2020254,EMANUEL GOMES,SISTEMAS DE INFORMACAO
2020764,ALANA LOPES,ENGENHARIA DE SOFTWARE
2020802,NICOLE FONSECA,ENGENHARIA DE SOFTWARE
2020551,ERICK MACHADO,ANALISE E DESENVOLVIMENTO DE SISTEMAS
2020655,ESTER CIRINO,GAME DEVELOPMENT
2020004,MARIA JULIA RODRIGUES,CIENCIA DA COMPUTACAO
2020405,ANA LUIZA SAMPAIO,SISTEMAS DE INFORMACAO
2020641,LARA OLIVEIRA,CIENCIA DA COMPUTACAO
2020285,ISABEL ARAGÃO,CIENCIA DA COMPUTACAO
2020674,RAVY CAMARGO,GAME DEVELOPMENT
2020559,ÁGATHA LIMA,SISTEMAS DE INFORMACAO
2020359,CARLOS EDUARDO COSTELA,GAME DEVELOPMENT
2020305,MELISSA VIANA,GAME DEVELOPMENT
2020663,MATHIAS PEIXOTO,ENGENHARIA DE SOFTWARE
2020431,HENRY GABRIEL REZENDE,GAME DEVELOPMENT
2020790,RAEL SÁ,SISTEMAS DE INFORMACAO
2020542,ISAQUE MONTENEGRO,ANALISE E DESENVOLVIMENTO DE SISTEMAS
2020009,NOAH SOUSA,SISTEMAS DE INFORMACAO
2020459,LEVI RAMOS,GAME DEVELOPMENT
2020821,ASAFE DA MOTA,GAME DEVELOPMENT
2020087,LEONARDO BRITO,GAME DEVELOPMENT
2020889,DAVI FARIAS,SISTEMAS DE INFORMACAO
2020046,LEANDRO MOURA,ANALISE E DESENVOLVIMENTO DE SISTEMAS
2020842,LIZ PACHECO,GAME DEVELOPMENT
2020031,YAN SILVA,ENGENHARIA DE SOFTWARE
2020214,SRA. EMANUELLA NOVAES,CIENCIA DA COMPUTACAO
2020534,AYLLA JESUS,ANALISE E DESENVOLVIMENTO DE SISTEMAS
2020904,SR. RHAVI FARIAS,ENGENHARIA DE SOFTWARE
2020926,LUCAS MELO,SISTEMAS DE INFORMACAO
2020748,LUARA CASA GRANDE,ENGENHARIA DE SOFTWARE
2020367,JUAN PASTOR,ANALISE E DESENVOLVIMENTO DE SISTEMAS
2020018,BELLA SILVEIRA,ENGENHARIA DE SOFTWARE
2020533,DR. JOÃO PEDRO DA CUNHA,ENGENHARIA DE SOFTWARE
2020065,CATARINA SILVA,CIENCIA DA COMPUTACAO
2020207,EDUARDA NOGUEIRA,SISTEMAS DE INFORMACAO
2020553,CALEBE PACHECO,ENGENHARIA DE SOFTWARE
2020407,JOÃO VITOR DA COSTA,ENGENHARIA DE SOFTWARE
2020165,DRA. GABRIELA MOURA,CIENCIA DA COMPUTACAO
2020218,ISAAC NOVAES,GAME DEVELOPMENT
2020490,SR. EDUARDO CARVALHO,CIENCIA DA COMPUTACAO
2020261,ISABELLY DA CONCEIÇÃO,CIENCIA DA COMPUTACAO
2020810,CAUÃ CIRINO,SISTEMAS DE INFORMACAO
2020866,SR. THALES MONTENEGRO,CIENCIA DA COMPUTACAO
2020896,ISABELLA MOREIRA,SISTEMAS DE INFORMACAO
2020094,AURORA FONSECA,SISTEMAS DE INFORMACAO
2020720,DR. NICOLAS FONSECA,ENGENHARIA DE SOFTWARE
2020406,MARCOS VINICIUS DA PAZ,CIENCIA DA COMPUTACAO
2020413,ALANA CASA GRANDE,GAME DEVELOPMENT
2020342,ANA LAURA PASTOR,CIENCIA DA COMPUTACAO
2020415,SARA CASTRO,GAME DEVELOPMENT
2020983,MATTEO MOREIRA,GAME DEVELOPMENT
2020742,ÍSIS SANTOS,ENGENHARIA DE SOFTWARE
2020844,CECILIA DA CUNHA,ANALISE E DESENVOLVIMENTO DE SISTEMAS
2020162,ISABEL MENDES,CIENCIA DA COMPUTACAO
2020862,CAIO CORREIA,SISTEMAS DE INFORMACAO
2020325,SRA. ANA CECÍLIA ALVES,GAME DEVELOPMENT
2020294,DANIELA CARVALHO,GAME DEVELOPMENT
2020685,SRA. JÚLIA ROCHA,GAME DEVELOPMENT
2020364,BIANCA ALVES,CIENCIA DA COMPUTACAO
2020477,CAMILA FREITAS,CIENCIA DA COMPUTACAO
2020681,CAUÃ PIMENTA,GAME DEVELOPMENT
2020193,EDUARDA SAMPAIO,ANALISE E DESENVOLVIMENTO DE SISTEMAS
2020916,AUGUSTO DA MATA,ENGENHARIA DE SOFTWARE
2020729,DAVI LUIZ DA CUNHA,ENGENHARIA DE SOFTWARE
2020011,ISAQUE GARCIA,CIENCIA DA COMPUTACAO
2020694,LUARA VARGAS,SISTEMAS DE INFORMACAO
2020714,THOMAS CASSIANO,ANALISE E DESENVOLVIMENTO DE SISTEMAS
2020371,SRA. EMILLY PEREIRA,ENGENHARIA DE SOFTWARE
2020142,MARINA PIRES,ENGENHARIA DE SOFTWARE
2020557,BENTO GONÇALVES,ANALISE E DESENVOLVIMENTO DE SISTEMAS
2020601,AURORA ALMEIDA,ANALISE E DESENVOLVIMENTO DE SISTEMAS
2020458,SRTA. YASMIN ARAGÃO,GAME DEVELOPMENT
2020813,LIZ ROCHA,ENGENHARIA DE SOFTWARE
2020237,YAN MOURA,ENGENHARIA DE SOFTWARE
2020640,MARIA DA CONCEIÇÃO,ANALISE E DESENVOLVIMENTO DE SISTEMAS
2020835,ANDRÉ PINTO,ANALISE E DESENVOLVIMENTO DE SISTEMAS
2020357,MARIA JÚLIA PIRES,CIENCIA DA COMPUTACAO
2020604,ÍSIS MOREIRA,CIENCIA DA COMPUTACAO
2020346,RHAVI TEIXEIRA,CIENCIA DA COMPUTACAO
2020717,SARAH LOPES,CIENCIA DA COMPUTACAO
2020312,APOLLO PIMENTA,ENGENHARIA DE SOFTWARE
2020278,THÉO CAVALCANTE,CIENCIA DA COMPUTACAO
2020700,LARA VIEIRA,GAME DEVELOPMENT
2020256,OLÍVIA MONTENEGRO,ANALISE E DESENVOLVIMENTO DE SISTEMAS
2020843,ISABELLY VARGAS,CIENCIA DA COMPUTACAO
2020074,LUÍSA CALDEIRA,ANALISE E DESENVOLVIMENTO DE SISTEMAS
2020724,MARIA ISIS ROCHA,SISTEMAS DE INFORMACAO
2020174,THÉO LIMA,SISTEMAS DE INFORMACAO
2020461,LUCAS MOURA,ENGENHARIA DE SOFTWARE
2020210,BRUNA BARBOSA,ENGENHARIA DE SOFTWARE
2020222,BÁRBARA GARCIA,GAME DEVELOPMENT
2020664,JOÃO GABRIEL FOGAÇA,GAME DEVELOPMENT
2020169,LUIZ FERNANDO DA MATA,ENGENHARIA DE SOFTWARE
2020874,BRYAN DA PAZ,SISTEMAS DE INFORMACAO
2020320,SRTA. LUNA DAS NEVES,ENGENHARIA DE SOFTWARE
2020990,BRUNA RAMOS,ENGENHARIA DE SOFTWARE
2020898,SR. MATHIAS SALES,GAME DEVELOPMENT
2020824,JOÃO PEDRO PORTO,SISTEMAS DE INFORMACAO
2020184,OLIVIA CUNHA,ENGENHARIA DE SOFTWARE
2020598,SRA. FERNANDA RAMOS,ENGENHARIA DE SOFTWARE
2020507,ÁGATHA LIMA,GAME DEVELOPMENT
2020124,EVELYN MACEDO,GAME DEVELOPMENT
2020978,RAVI SÁ,CIENCIA DA COMPUTACAO
2020257,DR. GAEL HENRIQUE DA LUZ,ENGENHARIA DE SOFTWARE
2020234,DRA. RAFAELA NUNES,SISTEMAS DE INFORMACAO
2020484,SR. IGOR CUNHA,GAME DEVELOPMENT
2020401,NATHAN CORREIA,GAME DEVELOPMENT
2020882,HELOÍSA CORREIA,GAME DEVELOPMENT
2020020,FELIPE SAMPAIO,ENGENHARIA DE SOFTWARE
2020139,MARCOS VINICIUS CAMARGO,CIENCIA DA COMPUTACAO
2020385,CECÍLIA MONTENEGRO,CIENCIA DA COMPUTACAO
2020569,SRTA. ELOÁ PEIXOTO,ANALISE E DESENVOLVIMENTO DE SISTEMAS
2020154,DANILO DA CUNHA,ANALISE E DESENVOLVIMENTO DE SISTEMAS
2020242,THIAGO MOREIRA,SISTEMAS DE INFORMACAO
2020721,MARIANA BORGES,SISTEMAS DE INFORMACAO
2020378,CAIO CASSIANO,SISTEMAS DE INFORMACAO
2020036,RAVI LUCCA SIQUEIRA,ANALISE E DESENVOLVIMENTO DE SISTEMAS
2020360,NICOLE PEREIRA,GAME DEVELOPMENT
2020733,KAIQUE LOPES,ANALISE E DESENVOLVIMENTO DE SISTEMAS
2020605,HENRY GABRIEL DA CONCEIÇÃO,ENGENHARIA DE SOFTWARE
2020119,AGATHA MACHADO,GAME DEVELOPMENT
2020166,LUIZA APARECIDA,ENGENHARIA DE SOFTWARE
2020615,JUAN CAVALCANTI,CIENCIA DA COMPUTACAO
2020354,ISABELA DA LUZ,SISTEMAS DE INFORMACAO
2020504,OLÍVIA JESUS,ANALISE E DESENVOLVIMENTO DE SISTEMAS
2020300,MAYSA FREITAS,ENGENHARIA DE SOFTWARE
2020893,LUIZ OTÁVIO NOVAES,ENGENHARIA DE SOFTWARE
2020762,ERICK RIOS,SISTEMAS DE INFORMACAO
2020602,ANA CAROLINA DIAS,GAME DEVELOPMENT
2020629,MELINA VIEIRA,CIENCIA DA COMPUTACAO
2020530,MILENA ALBUQUERQUE,SISTEMAS DE INFORMACAO
2020319,YAN COSTA,ANALISE E DESENVOLVIMENTO DE SISTEMAS
2020173,SR. LUIZ GUSTAVO TEIXEIRA,SISTEMAS DE INFORMACAO
2020301,JOSÉ DA CUNHA,GAME DEVELOPMENT
2020038,DRA. CAROLINA LEÃO,CIENCIA DA COMPUTACAO
2020550,MILENA MELO,CIENCIA DA COMPUTACAO
2020198,DR. ERICK CAMPOS,ENGENHARIA DE SOFTWARE
2020651,VITÓRIA CASTRO,SISTEMAS DE INFORMACAO
2020121,MATHEUS CASTRO,ENGENHARIA DE SOFTWARE
2020741,CLARA FERNANDES,GAME DEVELOPMENT
2020876,ENZO GABRIEL FOGAÇA,SISTEMAS DE INFORMACAO
2020133,ASAFE FONSECA,GAME DEVELOPMENT
2020448,HELOISA PEREIRA,ANALISE E DESENVOLVIMENTO DE SISTEMAS
2020611,JOSUÉ PACHECO,ENGENHARIA DE SOFTWARE
2020122,ESTER FONSECA,ANALISE E DESENVOLVIMENTO DE SISTEMAS
2020964,ANA LAURA NUNES,ENGENHARIA DE SOFTWARE
2020610,DR. THOMAS VARGAS,ANALISE E DESENVOLVIMENTO DE SISTEMAS
2020899,ANA JULIA NOGUEIRA,ANALISE E DESENVOLVIMENTO DE SISTEMAS
2020262,ENRICO DAS NEVES,ANALISE E DESENVOLVIMENTO DE SISTEMAS
2020062,MARIA ALICE PINTO,CIENCIA DA COMPUTACAO
2020737,ANA LÍVIA OLIVEIRA,SISTEMAS DE INFORMACAO
2020403,OTTO LOPES,GAME DEVELOPMENT
2020960,ARTHUR MARQUES,ENGENHARIA DE SOFTWARE
2020329,DR. RAVI LEÃO,ENGENHARIA DE SOFTWARE
2020815,ANA LAURA CAVALCANTE,SISTEMAS DE INFORMACAO
2020763,STEPHANY SOUZA,CIENCIA DA COMPUTACAO
2020854,JULIANA BORGES,GAME DEVELOPMENT
2020669,YAGO PACHECO,ANALISE E DESENVOLVIMENTO DE SISTEMAS
2020338,DRA. NINA CAVALCANTI,ENGENHARIA DE SOFTWARE
2020230,ANA LIZ CALDEIRA,ANALISE E DESENVOLVIMENTO DE SISTEMAS
2020755,SRTA. LAVÍNIA FOGAÇA,ANALISE E DESENVOLVIMENTO DE SISTEMAS
2020783,DR. MATHEUS JESUS,CIENCIA DA COMPUTACAO
2020170,BÁRBARA CAVALCANTE,CIENCIA DA COMPUTACAO
2020588,SR. MATHEUS VIEIRA,ANALISE E DESENVOLVIMENTO DE SISTEMAS
2020330,SRA. NICOLE GARCIA,ENGENHARIA DE SOFTWARE
2020872,LORENZO CAVALCANTI,CIENCIA DA COMPUTACAO
2020744,NICOLAS RIOS,ENGENHARIA DE SOFTWARE
2020068,ENZO NOVAIS,CIENCIA DA COMPUTACAO
2020323,VICENTE MACEDO,ANALISE E DESENVOLVIMENTO DE SISTEMAS
2020426,SRTA. LIZ ALBUQUERQUE,GAME DEVELOPMENT
2020160,LUNA ABREU,CIENCIA DA COMPUTACAO
2020644,ANA VITÓRIA RIOS,SISTEMAS DE INFORMACAO
2020244,ISADORA DA PAZ,ENGENHARIA DE SOFTWARE
2020481,ANA JÚLIA CORREIA,CIENCIA DA COMPUTACAO
2020931,BRENO GUERRA,SISTEMAS DE INFORMACAO
2020483,SR. BENTO DA ROSA,CIENCIA DA COMPUTACAO
2020684,ZOE PACHECO,CIENCIA DA COMPUTACAO
2020089,RAVY DA CONCEIÇÃO,CIENCIA DA COMPUTACAO
2020803,CAROLINA DAS NEVES,ENGENHARIA DE SOFTWARE
2020704,BÁRBARA ALBUQUERQUE,ANALISE E DESENVOLVIMENTO DE SISTEMAS
2020966,IGOR PEIXOTO,CIENCIA DA COMPUTACAO
2020759,LUIZ FELIPE MACHADO,SISTEMAS DE INFORMACAO
2020096,VINICIUS SALES,SISTEMAS DE INFORMACAO
2020482,ERICK BORGES,CIENCIA DA COMPUTACAO
2020002,EDUARDA LOPES,GAME DEVELOPMENT
2020935,ASAFE VARGAS,SISTEMAS DE INFORMACAO
2020157,RYAN PASTOR,SISTEMAS DE INFORMACAO
2020114,LÍVIA RIBEIRO,SISTEMAS DE INFORMACAO
2020925,SR. RYAN CAVALCANTE,ENGENHARIA DE SOFTWARE
2020427,GABRIELA DA ROCHA,ENGENHARIA DE SOFTWARE
2020817,CLARICE DA ROCHA,SISTEMAS DE INFORMACAO
2020178,LÍVIA VIEIRA,ANALISE E DESENVOLVIMENTO DE SISTEMAS
2020984,SRA. ALÍCIA FREITAS,ANALISE E DESENVOLVIMENTO DE SISTEMAS
2020696,SRTA. ISIS DIAS,GAME DEVELOPMENT
2020886,MARIA CECÍLIA NASCIMENTO,ANALISE E DESENVOLVIMENTO DE SISTEMAS
2020168,OLIVER ARAGÃO,ENGENHARIA DE SOFTWARE
2020211,ALÍCIA MORAES,GAME DEVELOPMENT
2020106,LEVI BARROS,ENGENHARIA DE SOFTWARE
2020369,MARIA HELENA ROCHA,CIENCIA DA COMPUTACAO
2020290,VALENTIM ALVES,GAME DEVELOPMENT
2020659,CAROLINA SILVEIRA,CIENCIA DA COMPUTACAO
2020092,ANA LÍVIA RIBEIRO,GAME DEVELOPMENT
2020660,BRAYAN NOVAES,GAME DEVELOPMENT
2020667,CAMILA SAMPAIO,ANALISE E DESENVOLVIMENTO DE SISTEMAS
2020501,ENRICO CARVALHO,GAME DEVELOPMENT
2020492,DR. THÉO ABREU,CIENCIA DA COMPUTACAO
2020977,KAIQUE GOMES,GAME DEVELOPMENT
2020341,VALENTIM RODRIGUES,ANALISE E DESENVOLVIMENTO DE SISTEMAS
